City_ID,City,Country,Lat,Lng,Max Temp,Humidity,Cloudiness,Wind Speed,Current Description
0,Busselton,AU,-33.65,115.3333,73.99,60,0,1.01,clear sky
1,Rawson,AR,-43.3002,-65.1023,60.85,57,0,17.2,clear sky
2,Yuksekova,TR,37.5736,44.2872,15.01,93,96,4.5,overcast clouds
3,Misratah,LY,32.3754,15.0925,63.91,55,0,11.9,clear sky
4,Teguise,ES,29.0605,-13.564,64.4,82,75,14.97,broken clouds
5,Tuktoyaktuk,CA,69.4541,-133.0374,-34.6,67,40,3.44,scattered clouds
6,Hilo,US,19.7297,-155.09,80.6,54,75,9.22,broken clouds
7,Thompson,CA,55.7435,-97.8558,14.0,92,90,2.3,light snow
8,Qaanaaq,GL,77.484,-69.3632,-5.12,78,98,2.24,overcast clouds
9,Rikitea,PF,-23.1203,-134.9692,79.34,71,18,11.72,few clouds
10,Paamiut,GL,61.994,-49.6678,25.29,89,19,15.59,few clouds
11,Sitka,US,57.0531,-135.33,41.0,52,75,4.61,broken clouds
12,Goedereede,NL,51.8175,3.9806,30.99,88,99,1.01,overcast clouds
13,Bethel,US,41.3712,-73.414,21.0,62,1,5.21,clear sky
14,Kidal,ML,18.4411,1.4078,64.81,24,1,9.04,clear sky
15,Hamilton,US,39.1834,-84.5333,33.01,93,90,11.5,mist
16,Saint Austell,GB,50.3383,-4.7658,43.0,93,90,10.36,overcast clouds
17,Jamestown,US,42.097,-79.2353,17.6,86,1,3.44,clear sky
18,Hermanus,ZA,-34.4187,19.2345,66.99,83,2,9.55,clear sky
19,Paramonga,PE,-10.6667,-77.8333,71.08,79,90,7.23,overcast clouds
20,Grindavik,IS,63.8424,-22.4338,21.2,73,40,5.75,scattered clouds
21,Upernavik,GL,72.7868,-56.1549,-9.58,87,68,6.42,broken clouds
22,Nantucket,US,41.2835,-70.0995,19.4,45,1,14.97,clear sky
23,Barrow,US,71.2906,-156.7887,-11.2,70,90,6.91,light snow
24,Makokou,GA,0.5738,12.8642,70.43,94,100,2.04,overcast clouds
25,Raudeberg,NO,61.9875,5.1352,33.01,93,100,9.37,light snow
26,Nikolskoye,RU,59.7035,30.7861,26.01,93,75,4.47,light snow
27,Faanui,PF,-16.4833,-151.75,81.21,71,78,7.61,broken clouds
28,Tiksi,RU,71.6872,128.8694,-27.42,86,100,5.01,overcast clouds
29,Fairbanks,US,64.8378,-147.7164,-2.99,77,90,0.65,light snow
30,Muros,ES,42.7762,-9.0603,55.0,85,100,1.99,overcast clouds
31,Clyde River,CA,70.4692,-68.5914,-9.4,84,90,5.75,overcast clouds
32,San Quintin,MX,30.4833,-115.95,60.28,63,0,12.17,clear sky
33,Kulhudhuffushi,MV,6.6221,73.07,81.68,66,4,6.53,clear sky
34,Viedma,AR,-40.8135,-62.9967,62.01,56,81,1.01,broken clouds
35,Salalah,OM,17.0151,54.0924,66.2,68,0,3.44,clear sky
36,Rocha,UY,-34.4833,-54.3333,66.79,91,100,18.21,light rain
37,Tasiilaq,GL,65.6145,-37.6368,21.2,30,90,16.11,overcast clouds
38,Broome,US,42.2506,-75.833,14.0,73,1,9.22,clear sky
39,Coquimbo,CL,-29.9533,-71.3436,66.2,82,90,6.91,overcast clouds
40,Kingman,US,35.1894,-114.053,51.8,40,1,5.75,clear sky
41,Esperance,AU,-33.8667,121.9,68.0,64,0,13.8,clear sky
42,College,US,64.8569,-147.8028,-4.0,77,90,0.94,light snow
43,Brae,GB,60.3964,-1.353,35.6,87,75,4.61,broken clouds
44,Saint-Philippe,RE,-21.3585,55.7679,78.8,65,0,6.91,light rain
45,Bumba,CD,2.1833,22.4667,71.53,50,96,1.39,overcast clouds
46,East London,ZA,-33.0153,27.9116,69.53,85,3,2.71,clear sky
47,Kara-Tyube,RU,44.6336,45.4369,33.62,92,26,8.14,scattered clouds
48,Ixtapa,MX,20.7,-105.2,73.4,78,1,11.5,clear sky
49,Turayf,SA,31.6725,38.6637,39.2,81,0,11.5,clear sky
50,Bredasdorp,ZA,-34.5322,20.0403,66.99,83,2,7.16,clear sky
51,Fortuna,US,40.5982,-124.1573,54.0,71,90,19.57,overcast clouds
52,Grand Gaube,MU,-20.0064,57.6608,75.99,86,6,3.0,clear sky
53,Hobart,AU,-42.8794,147.3294,72.0,40,20,11.5,few clouds
54,Turukhansk,RU,65.8167,87.9833,-32.37,76,0,5.08,clear sky
55,Amahai,ID,-3.3333,128.9167,82.83,70,99,3.51,overcast clouds
56,Ribeira Grande,PT,38.5167,-28.7,63.19,90,63,22.21,broken clouds
57,Sarangani,PH,5.4033,125.4636,81.34,73,100,18.5,overcast clouds
58,Soto La Marina,MX,23.7667,-98.2167,73.0,80,22,15.99,few clouds
59,Funadhoo,MV,6.15,73.2667,81.79,66,74,7.74,broken clouds
60,Svetlogorsk,BY,52.6333,29.7333,22.86,98,100,5.99,light snow
61,Vardo,NO,70.3705,31.1107,24.89,95,100,18.7,light snow
62,Vaini,TO,-21.2,-175.2,86.0,79,75,13.8,broken clouds
63,Yumen,CN,40.2833,97.2,21.63,75,0,24.36,clear sky
64,Avarua,CK,-21.2078,-159.775,84.2,70,75,4.61,light rain
65,Saskylakh,RU,71.9167,114.0833,-34.31,82,100,10.63,overcast clouds
66,Briancon,FR,44.9,6.65,41.0,82,100,1.99,overcast clouds
67,Synya,RU,65.3718,58.0387,-3.44,91,100,6.24,overcast clouds
68,Dikson,RU,73.5069,80.5464,-34.64,80,0,7.25,clear sky
69,Longyearbyen,SJ,78.2186,15.6401,-4.0,65,20,19.57,few clouds
70,Ushuaia,AR,-54.8,-68.3,51.8,62,20,21.85,few clouds
71,Mataura,NZ,-46.1927,168.8643,69.28,43,82,3.02,broken clouds
72,Dunedin,NZ,-45.8742,170.5036,62.01,71,31,21.0,scattered clouds
73,Atuona,PF,-9.8,-139.0333,79.25,72,18,17.76,few clouds
74,Kamina,CD,-8.7386,24.9906,64.27,95,100,2.53,overcast clouds
75,Wuda,CN,39.4994,106.7117,25.36,72,0,15.39,clear sky
76,Kodinsk,RU,58.6881,99.1844,-41.85,78,39,2.3,scattered clouds
77,Torbay,CA,47.6666,-52.7314,28.99,93,90,8.05,overcast clouds
78,Vila Velha,BR,-20.3297,-40.2925,78.8,78,20,10.36,few clouds
79,Cap Estate,LC,14.0833,-60.95,80.6,78,75,6.91,broken clouds
80,Chokurdakh,RU,70.6333,147.9167,-29.36,85,47,8.21,scattered clouds
81,Puerto Ayora,EC,-0.7393,-90.3518,78.01,90,38,5.99,scattered clouds
82,Jos,NG,9.9167,8.9,63.0,28,0,4.56,clear sky
83,Half Moon Bay,US,37.4636,-122.4286,57.99,76,90,9.22,overcast clouds
84,San Andres,CO,12.5847,-81.7006,80.6,74,40,13.8,scattered clouds
85,Kaitangata,NZ,-46.2817,169.8464,61.0,80,72,13.0,broken clouds
86,Ubinskoye,RU,55.3068,79.6802,-12.42,86,84,9.6,broken clouds
87,Punta Arenas,CL,-53.15,-70.9167,51.8,62,0,26.46,clear sky
88,New Norfolk,AU,-42.7826,147.0587,72.0,45,14,1.99,few clouds
89,Albany,US,42.6001,-73.9662,17.01,59,11,5.99,few clouds
90,Kavaratti,IN,10.5669,72.642,80.85,69,32,7.47,scattered clouds
91,Iqaluit,CA,63.7506,-68.5145,-9.0,77,1,19.57,snow
92,Port Elizabeth,ZA,-33.918,25.5701,62.6,94,0,6.91,clear sky
93,Banjar,ID,-8.19,114.9675,80.6,83,40,10.36,scattered clouds
94,Daru,PG,-9.0763,143.2092,77.0,88,100,14.5,overcast clouds
95,Yellowknife,CA,62.456,-114.3525,-13.0,77,20,4.61,few clouds
96,Novo Aripuana,BR,-5.1206,-60.3797,74.03,91,81,1.83,broken clouds
97,Kahului,US,20.8947,-156.47,78.8,57,40,18.41,scattered clouds
98,Khatanga,RU,71.9667,102.5,-46.73,77,31,1.12,scattered clouds
99,Hovd,MN,48.0056,91.6419,7.05,83,82,0.69,broken clouds
100,Kavieng,PG,-2.5744,150.7967,83.3,73,99,14.72,overcast clouds
101,Sabha,LY,27.0377,14.4283,56.88,38,0,7.49,clear sky
102,Matagami,CA,49.7502,-77.6328,-2.2,84,90,5.75,overcast clouds
103,Provideniya,RU,64.3833,-173.3,-11.2,83,81,12.37,broken clouds
104,Aracuai,BR,-16.8497,-42.0703,73.81,64,16,5.53,few clouds
105,Lypnyazhka,UA,48.4469,31.0761,33.19,95,100,10.63,overcast clouds
106,Juan Lacaze,UY,-34.4342,-57.4381,66.04,84,100,32.66,light rain
107,Maniitsoq,GL,65.4167,-52.9,12.36,79,0,8.61,clear sky
108,Cape Town,ZA,-33.9258,18.4232,71.01,77,75,5.75,broken clouds
109,Longkou,CN,37.6508,120.3286,36.61,82,97,12.57,overcast clouds
110,Cap Malheureux,MU,-19.9842,57.6142,75.99,86,0,3.0,clear sky
111,Vila Franca Do Campo,PT,37.7167,-25.4333,62.6,94,75,16.11,broken clouds
112,Carnarvon,AU,-24.8667,113.6333,84.2,79,12,5.75,few clouds
113,Kodiak,US,57.79,-152.4072,33.8,55,1,23.02,clear sky
114,Sola,VU,-13.8833,167.55,87.8,70,75,5.75,broken clouds
115,Isla Mujeres,MX,21.2311,-86.731,78.01,61,40,11.5,scattered clouds
116,Butaritari,KI,3.0707,172.7902,81.3,77,59,18.52,broken clouds
117,Vestmannaeyjar,IS,63.4427,-20.2734,31.08,94,88,8.97,overcast clouds
118,Nadym,RU,65.5333,72.5167,-18.38,85,100,20.78,overcast clouds
119,Ballina,AU,-28.8667,153.5667,80.6,69,75,10.36,broken clouds
120,Saint George,US,37.1041,-113.5841,50.0,50,1,2.55,clear sky
121,Yining,CN,29.0361,114.5636,46.99,78,84,1.14,broken clouds
122,Chuy,UY,-33.6971,-53.4616,74.23,79,59,13.58,light rain
123,Severo-Kurilsk,RU,50.6789,156.125,24.69,95,97,27.96,light snow
124,Arraial Do Cabo,BR,-22.9661,-42.0278,77.32,80,39,27.87,scattered clouds
125,Comodoro Rivadavia,AR,-45.8667,-67.5,60.8,51,0,8.05,clear sky
126,Marawi,PH,7.9986,124.2928,79.0,83,89,4.0,overcast clouds
127,Valparaiso,CL,-33.0393,-71.6273,66.0,100,90,4.61,fog
128,Georgetown,MY,5.4112,100.3354,78.01,83,20,7.0,few clouds
129,Phan Thiet,VN,10.9333,108.1,71.4,72,100,4.85,overcast clouds
130,Sokoto,NG,13.0609,5.239,68.88,21,21,11.36,few clouds
131,Narsaq,GL,60.9167,-46.05,39.2,28,75,33.38,broken clouds
132,Eyl,SO,7.9803,49.8164,70.47,84,20,11.05,few clouds
133,Nanortalik,GL,60.1432,-45.2371,30.36,90,100,8.28,overcast clouds
134,Lata,PT,40.1629,-8.3327,55.99,87,70,1.01,broken clouds
135,Gladstone,AU,-23.85,151.25,82.4,57,90,10.36,overcast clouds
136,Aleppo,SY,36.25,37.5,49.51,76,100,17.34,overcast clouds
137,Emiliano Zapata,MX,18.8333,-99.1833,80.6,29,40,5.75,scattered clouds
138,Tortoli,IT,39.9256,9.6572,60.8,55,0,21.85,clear sky
139,Roma,US,43.2128,-75.4557,17.6,67,90,8.05,overcast clouds
140,Port Alfred,ZA,-33.5906,26.891,62.01,93,17,1.81,few clouds
141,Aklavik,CA,68.2191,-135.0107,-16.6,76,90,5.75,overcast clouds
142,Borger,NL,52.9233,6.7931,25.0,95,56,4.0,broken clouds
143,Cayenne,GF,4.9333,-52.3333,80.6,89,75,9.22,broken clouds
144,Astana,KZ,51.1801,71.446,10.4,79,0,8.95,clear sky
145,Hithadhoo,MV,-0.6,73.0833,81.61,79,65,15.05,broken clouds
146,Xining,CN,36.6167,101.7667,11.35,77,12,2.98,few clouds
147,Kapaa,US,22.0752,-159.319,78.8,65,75,14.97,light rain
148,Jingdezhen,CN,29.2947,117.2079,49.3,69,89,1.28,overcast clouds
149,Havelock,US,34.8791,-76.9013,37.0,55,1,4.61,clear sky
150,Lasa,IT,46.6166,10.7002,37.99,100,90,2.8,snow
151,Pangnirtung,CA,66.1451,-65.7125,-9.42,74,0,2.01,clear sky
152,Codrington,AU,-38.2667,141.9667,63.61,60,84,7.45,broken clouds
153,Kamen-Na-Obi,RU,53.7884,81.3423,-6.7,90,81,6.78,broken clouds
154,Altenstadt,DE,50.2833,8.95,34.0,90,98,1.01,overcast clouds
155,Victoria,HK,22.2855,114.1577,63.0,64,0,1.01,clear sky
156,Ust-Nera,RU,64.5667,143.2,-25.8,76,100,7.85,overcast clouds
157,Coihaique,CL,-45.5752,-72.0662,64.4,45,0,9.22,clear sky
158,Bianzhuang,CN,34.8486,118.0447,38.93,73,8,4.16,clear sky
159,Airai,TL,-8.9266,125.4092,62.26,100,100,5.41,overcast clouds
160,Isangel,VU,-19.55,169.2667,82.4,69,40,9.22,scattered clouds
161,Manono,CD,-7.3,27.4167,70.05,91,92,2.35,light rain
162,Barranca De Upia,CO,4.5696,-72.9668,82.76,43,42,4.47,scattered clouds
163,Santa Rosa,PH,14.3122,121.1114,79.0,69,40,5.75,scattered clouds
164,Ostrovnoy,RU,68.0531,39.5131,14.65,95,100,7.72,light snow
165,Bluff,NZ,-46.6,168.3333,57.13,68,100,4.68,overcast clouds
166,Andilamena,MG,-17.0167,48.5833,64.8,97,72,2.73,broken clouds
167,Dali,CN,25.7,100.1833,40.17,81,0,4.41,clear sky
168,Zhuanghe,CN,39.7008,122.9911,20.34,91,38,14.45,scattered clouds
169,Sao Filipe,CV,14.8961,-24.4956,73.38,63,96,11.36,overcast clouds
170,Lagoa,PT,39.05,-27.9833,61.86,93,77,27.63,broken clouds
171,Cidreira,BR,-30.1811,-50.2056,75.22,90,86,4.21,overcast clouds
172,Nagato,JP,34.3833,131.2,46.4,81,20,1.14,few clouds
173,San Patricio,US,28.017,-97.5169,73.4,78,20,18.41,few clouds
174,Ardrishaig,GB,56.0157,-5.4481,33.8,86,80,6.91,broken clouds
175,Kupang,ID,-10.1667,123.5833,82.4,89,75,12.66,broken clouds
176,Haines Junction,CA,60.7522,-137.5108,-5.8,77,100,1.14,overcast clouds
177,Biltine,TD,14.5333,20.9167,69.3,21,8,14.79,clear sky
178,Miraflores,MX,19.2167,-98.8083,75.2,16,40,9.22,scattered clouds
179,Nortelandia,BR,-14.4547,-56.8028,76.39,79,96,3.09,overcast clouds
180,Asau,RO,46.4333,26.4,37.0,80,75,16.11,broken clouds
181,Mar Del Plata,AR,-38.0023,-57.5575,62.01,63,75,18.41,light rain
182,Dicabisagan,PH,17.0818,122.4157,71.13,81,100,12.15,overcast clouds
183,Luena,AO,-11.7833,19.9167,62.35,95,100,4.5,overcast clouds
184,Gejiu,CN,23.306,103.1635,43.27,100,84,5.17,broken clouds
185,Cherskiy,RU,68.75,161.3,-36.87,83,0,0.74,clear sky
186,Aljezur,PT,37.3191,-8.8033,55.99,100,99,1.01,overcast clouds
187,Arroyo,ES,41.6096,-4.7969,46.0,81,75,19.57,broken clouds
188,Hami,CN,42.8,93.45,21.16,85,0,4.65,clear sky
189,Sistranda,NO,63.7256,8.834,24.8,100,20,5.75,light snow
190,Ningxiang,CN,37.34,111.2052,23.59,79,16,4.23,few clouds
191,Saint-Francois,FR,46.4154,3.9054,44.6,81,75,2.3,broken clouds
192,Arnsberg,DE,51.3297,8.0071,30.0,82,99,3.91,overcast clouds
193,Qasigiannguit,GL,68.8193,-51.1922,6.8,61,90,8.05,overcast clouds
194,La Primavera,CO,5.4906,-70.4092,84.52,48,80,6.11,broken clouds
195,Dingle,PH,10.9995,122.6711,75.74,84,95,12.66,overcast clouds
196,Vrangel,RU,42.7297,133.0839,3.61,83,0,9.4,clear sky
197,Inhambane,MZ,-23.865,35.3833,78.35,79,1,6.06,clear sky
198,Ziro,IN,27.6333,93.8333,31.35,100,9,2.68,clear sky
199,Sao Joao De Pirabas,BR,-0.7747,-47.1772,77.43,91,100,6.51,overcast clouds
200,Trelew,AR,-43.249,-65.3051,60.78,54,0,17.43,clear sky
201,Adre,TD,13.4667,22.2,63.63,26,0,12.93,clear sky
202,Vanimo,PG,-2.6741,141.3028,83.03,74,100,7.11,overcast clouds
203,Asia,PH,9.5506,122.5164,78.12,75,94,11.59,overcast clouds
204,Mahebourg,MU,-20.4081,57.7,78.8,83,40,8.05,scattered clouds
205,Straja,RO,47.9167,25.55,30.0,87,75,9.55,light snow
206,Nago,JP,26.5881,127.9761,57.2,88,1,5.75,clear sky
207,Panguipulli,CL,-39.6333,-72.3333,66.2,59,23,4.61,few clouds
208,Markova,UA,48.6758,24.4138,21.42,94,94,4.81,overcast clouds
209,Hohhot,CN,40.8106,111.6522,5.0,78,0,4.47,clear sky
210,Tupik,RU,54.4253,119.9327,-36.35,80,86,1.23,overcast clouds
211,Rio Gallegos,AR,-51.6226,-69.2181,62.6,34,0,16.11,clear sky
212,Geraldton,AU,-28.7667,114.6,91.4,25,0,20.71,clear sky
213,Chancay,PE,-11.5714,-77.2672,77.0,73,0,13.8,clear sky
214,Rodrigues Alves,BR,-7.738,-72.6509,73.99,95,43,1.34,scattered clouds
215,Visnes,NO,59.3556,5.2242,21.2,93,20,4.61,few clouds
216,Mezhdurechenskiy,RU,59.6,65.9333,14.74,97,100,5.64,overcast clouds
217,Komsomolskiy,UZ,40.4272,71.7189,35.6,44,100,2.3,overcast clouds
218,Visby,SE,57.6409,18.296,26.6,80,75,12.66,broken clouds
219,Trat,TH,12.5,102.5,69.35,66,46,4.5,scattered clouds
220,Yayva,RU,59.3303,57.2641,12.99,61,100,4.0,light snow
221,Menongue,AO,-14.6585,17.691,62.92,94,100,5.03,light rain
222,Maunabo,PR,18.0072,-65.8993,75.0,89,29,4.0,scattered clouds
223,Ahipara,NZ,-35.1667,173.1667,72.07,48,0,5.64,clear sky
224,Mount Gambier,AU,-37.8333,140.7667,64.4,59,75,8.05,broken clouds
225,Surt,LY,31.2089,16.5887,64.98,41,0,12.19,clear sky
226,Mogadishu,SO,2.0371,45.3438,74.88,83,0,17.02,clear sky
227,Voh,NC,-20.9667,164.7,84.36,52,22,6.02,few clouds
228,Cedar Falls,US,42.5278,-92.4455,30.99,93,90,19.57,light snow
229,Pedasi,PA,7.5333,-80.0333,80.02,76,80,21.05,broken clouds
230,Fare,PF,-16.7,-151.0167,81.59,69,50,5.44,scattered clouds
231,Russell,US,32.3502,-85.1999,53.6,62,40,5.75,scattered clouds
232,Meulaboh,ID,4.1363,96.1285,74.62,85,80,3.89,broken clouds
233,Eureka,US,40.8021,-124.1637,54.0,87,90,3.44,light rain
234,Pisco,PE,-13.7,-76.2167,73.4,68,0,17.27,clear sky
235,Kaabong,UG,3.4836,34.1492,68.41,44,2,9.15,clear sky
236,Catia La Mar,VE,10.6038,-67.0303,78.8,83,40,10.49,scattered clouds
237,San Joaquin,US,37.9333,-121.3011,60.8,51,90,9.22,overcast clouds
238,Bambous Virieux,MU,-20.3428,57.7575,78.8,83,40,8.05,scattered clouds
239,Zyryanka,RU,65.75,150.85,-31.58,83,100,12.88,overcast clouds
240,Ayan,RU,56.45,138.1667,-7.1,84,100,6.87,overcast clouds
241,Boone,US,39.0334,-92.3335,43.0,86,100,1.01,light rain
242,Mananara,MG,-16.1667,49.7667,74.97,88,9,2.93,clear sky
243,Brora,GB,58.0099,-3.8518,32.0,93,19,3.44,few clouds
244,Guerrero Negro,MX,27.9769,-114.0611,61.92,60,32,16.04,scattered clouds
245,Bulaevo,KZ,54.9056,70.4439,11.39,94,100,10.69,overcast clouds
246,Kruisfontein,ZA,-34.0033,24.7314,60.01,90,1,3.11,clear sky
247,Annau,TM,37.8876,58.516,51.8,58,75,11.5,broken clouds
248,Gueret,FR,46.1667,1.8667,44.6,100,90,10.36,overcast clouds
249,Mao,ES,39.8885,4.2658,48.2,93,20,3.44,few clouds
250,Kununurra,AU,-15.7667,128.7333,82.4,94,75,6.91,broken clouds
251,Bilibino,RU,68.0546,166.4372,-27.33,79,1,5.97,clear sky
252,Cabedelo,BR,-6.9811,-34.8339,78.8,83,0,5.75,clear sky
253,Kargasok,RU,59.0556,80.8572,-24.2,84,100,9.89,overcast clouds
254,Narrabri,AU,-30.3167,149.7833,86.0,39,75,5.75,broken clouds
255,Karakol,KG,42.4907,78.3936,16.97,61,71,3.67,broken clouds
256,Ilulissat,GL,69.2167,-51.1,6.8,61,90,8.05,overcast clouds
257,Andenes,NO,69.3143,16.1194,25.0,74,44,8.05,scattered clouds
258,Vryheid,ZA,-27.7695,30.7917,66.36,89,73,1.92,light rain
259,Touros,BR,-5.1989,-35.4608,78.8,83,20,4.61,few clouds
260,Vavuniya,LK,8.7514,80.4971,71.38,98,20,3.18,few clouds
261,Quimper,FR,48.0,-4.1,51.8,93,90,11.5,overcast clouds
262,The Valley,AI,18.217,-63.0578,78.8,83,40,4.61,scattered clouds
263,Lulea,SE,65.5842,22.1547,14.0,85,90,6.91,light snow
264,Tautira,PF,-17.7333,-149.15,86.0,62,75,11.5,light rain
265,Kysyl-Syr,RU,63.8986,122.7617,-52.94,76,57,2.26,broken clouds
266,Bengkulu,ID,-3.8004,102.2655,75.04,94,98,8.99,overcast clouds
267,Nome,US,64.5011,-165.4064,-7.6,71,1,6.91,clear sky
268,Macultepec,MX,18.1667,-92.8333,77.0,83,40,5.73,scattered clouds
269,Gorontalo,ID,0.5412,123.0595,75.94,83,99,3.11,overcast clouds
270,Guadalajara,MX,20.6667,-103.3333,80.6,12,1,9.22,clear sky
271,Jackson,US,42.4165,-122.8345,55.4,41,90,21.85,overcast clouds
272,Sao Joao Da Barra,BR,-21.6403,-41.0511,78.04,79,9,21.25,clear sky
273,Mathathane,BW,-22.2687,28.7495,76.93,72,100,12.3,overcast clouds
274,Namatanai,PG,-3.6667,152.4333,83.93,68,100,13.24,overcast clouds
275,Plettenberg Bay,ZA,-34.0527,23.3716,65.16,77,3,4.68,clear sky
276,Praia Da Vitoria,PT,38.7333,-27.0667,64.4,88,75,17.85,broken clouds
277,Yulara,AU,-25.2406,130.9889,87.8,23,49,18.41,scattered clouds
278,Lorengau,PG,-2.0226,147.2712,83.59,78,99,11.32,overcast clouds
279,Trairi,BR,-3.2778,-39.2689,79.41,81,75,9.13,broken clouds
280,Nabire,ID,-3.3667,135.4833,79.84,83,100,1.74,overcast clouds
281,Bogoroditsk,RU,53.7717,38.1241,24.66,98,100,12.19,snow
282,Vila,PT,42.0304,-8.1588,46.99,90,100,11.99,light rain
283,Salou,ES,41.0766,1.1416,55.4,50,0,18.41,clear sky
284,Tessalit,ML,20.1986,1.0114,63.45,22,39,12.26,scattered clouds
285,Richards Bay,ZA,-28.783,32.0377,73.13,93,96,2.84,moderate rain
286,Kokkola,FI,63.8385,23.1307,19.0,86,96,2.3,light snow
287,Les Cayes,HT,18.2,-73.75,74.26,74,87,5.39,overcast clouds
288,Anadyr,RU,64.75,177.4833,-4.0,71,20,26.84,snow
289,Port-Cartier,CA,50.0334,-66.8654,19.4,63,37,6.91,scattered clouds
290,Palm Coast,US,29.585,-81.2078,60.01,88,1,7.07,clear sky
291,Sault Sainte Marie,CA,46.5168,-84.3333,19.4,68,1,4.61,clear sky
292,Kentau,KZ,43.5206,68.5094,44.35,57,100,6.38,overcast clouds
293,Tekeli,KZ,44.83,78.8239,30.33,64,95,10.27,overcast clouds
294,Port Hardy,CA,50.6996,-127.4199,46.4,81,90,23.02,overcast clouds
295,Dom Pedrito,BR,-30.9828,-54.6731,69.01,89,92,18.41,overcast clouds
296,Taoudenni,ML,22.6783,-3.9836,67.46,24,0,9.22,clear sky
297,Sept-Iles,CA,50.2001,-66.3821,19.4,63,22,6.91,few clouds
298,Brazzaville,CG,-4.2658,15.2832,73.4,100,99,3.44,overcast clouds
299,Newcastle,AU,-32.9272,151.7765,80.6,78,75,11.5,broken clouds
300,Sofia,BG,42.6975,23.3242,33.01,100,67,2.3,mist
301,Talcahuano,CL,-36.7167,-73.1167,62.6,82,0,3.44,clear sky
302,Ilebo,CD,-4.3167,20.5833,70.52,96,100,3.4,light rain
303,Chernyshevskiy,RU,63.0128,112.4714,-32.01,85,100,4.5,overcast clouds
304,Aqtobe,KZ,50.2797,57.2072,1.4,78,45,2.24,scattered clouds
305,Coxim,BR,-18.5067,-54.76,78.82,73,99,2.82,overcast clouds
306,Myitkyina,MM,25.3833,97.4,57.15,86,72,4.36,broken clouds
307,Beringovskiy,RU,63.05,179.3167,7.61,95,100,27.81,snow
308,Barcelos,PT,41.5388,-8.6151,55.4,88,75,8.05,light rain
309,Sleaford,GB,52.9983,-0.4094,35.6,86,50,9.22,scattered clouds
310,Jaque,PA,7.5175,-78.1703,81.39,75,77,6.67,broken clouds
311,Chunoyar,RU,57.4467,97.3217,-41.31,77,11,1.72,few clouds
312,Rudnogorsk,RU,57.2639,103.7519,-42.97,81,20,1.88,few clouds
313,Rosetta,EG,31.4044,30.4164,57.2,67,0,9.22,clear sky
314,Tambau,BR,-21.705,-47.2744,78.8,65,0,6.91,clear sky
315,Presidencia Roque Saenz Pena,AR,-26.7852,-60.4388,79.0,68,34,1.99,scattered clouds
316,Ponta Do Sol,PT,32.6667,-17.1,59.0,74,70,3.0,broken clouds
317,Castro,BR,-24.7911,-50.0119,65.79,98,100,3.6,overcast clouds
318,Nanchong,CN,30.7951,106.0847,51.39,67,100,4.14,overcast clouds
319,Bubaque,GW,11.2833,-15.8333,79.52,59,21,12.46,few clouds
320,Porto Walter,BR,-8.2686,-72.7439,73.54,95,67,1.03,broken clouds
321,Pochutla,MX,15.7432,-96.4661,82.4,65,20,11.5,few clouds
322,Ancud,CL,-41.8697,-73.8203,60.01,62,0,9.22,clear sky
323,Qianan,CN,44.9932,124.0581,-6.45,88,98,7.29,overcast clouds
324,Kosikha,RU,53.3617,84.5822,-7.6,77,53,11.18,broken clouds
325,Tazovskiy,RU,67.4667,78.7,-25.8,83,100,15.52,overcast clouds
326,Beyneu,KZ,45.3167,55.2,34.56,92,100,12.01,overcast clouds
327,Road Town,VG,18.4167,-64.6167,77.0,83,40,10.36,scattered clouds
328,Sur,OM,22.5667,59.5289,65.5,52,0,4.61,clear sky
329,Sao Miguel Do Araguaia,BR,-13.275,-50.1628,76.32,78,46,4.36,scattered clouds
330,Sabang,ID,5.8933,95.3214,80.89,77,52,21.25,broken clouds
331,Marsa Matruh,EG,31.3525,27.2453,60.8,59,0,14.97,clear sky
332,Nova Venecia,BR,-18.7106,-40.4006,72.75,85,19,4.23,few clouds
333,Noyabrsk,RU,63.1994,75.4507,-20.02,85,100,20.51,overcast clouds
334,Hobyo,SO,5.3505,48.5268,74.8,79,25,14.7,scattered clouds
335,Los Llanos De Aridane,ES,28.6585,-17.9182,64.4,77,90,12.66,overcast clouds
336,Bondo,CD,3.8146,23.6866,68.13,32,62,1.57,broken clouds
337,Port-Gentil,GA,-0.7193,8.7815,77.0,88,90,13.8,overcast clouds
338,Ajdabiya,LY,30.7554,20.2263,59.07,69,0,4.68,clear sky
339,Ucluelet,CA,48.9329,-125.5528,44.01,93,90,16.11,overcast clouds
340,Talara,PE,-4.5772,-81.2719,78.8,73,75,9.22,broken clouds
341,Kirensk,RU,57.7853,108.1119,-37.26,79,80,1.79,broken clouds
342,Margate,GB,51.3813,1.3862,39.0,77,78,4.0,broken clouds
343,Cockburn Town,TC,21.4612,-71.1419,73.4,60,20,11.5,few clouds
344,Bentiu,SS,9.2333,29.8333,71.89,21,8,6.58,clear sky
345,Vaitape,PF,-16.5167,-151.75,81.21,71,77,7.63,broken clouds
346,Jaguarari,BR,-10.2639,-40.1958,68.49,86,99,4.99,overcast clouds
347,Luderitz,NA,-26.6481,15.1594,66.11,62,0,19.51,clear sky
348,Ciudad Bolivar,VE,8.1222,-63.5497,80.08,70,78,13.94,broken clouds
349,Aguimes,ES,27.9054,-15.4461,64.4,72,75,24.16,broken clouds
350,Flinders,AU,-34.5833,150.8552,73.0,86,88,4.0,overcast clouds
351,Porto Novo,BJ,6.4965,2.6036,84.2,84,40,11.5,scattered clouds
352,Ati,TD,13.2154,18.3353,70.97,21,0,12.19,clear sky
353,Yar-Sale,RU,66.8333,70.8333,-19.17,85,100,16.93,overcast clouds
354,Srednekolymsk,RU,67.45,153.6833,-32.71,84,100,2.59,overcast clouds
355,Putina,PE,-15.4667,-69.4333,50.02,73,82,11.68,broken clouds
356,Porto Velho,BR,-8.7619,-63.9039,78.8,94,75,2.3,light rain
357,Tucuma,BR,-0.1833,-50.05,77.22,92,100,6.85,overcast clouds
358,Mehamn,NO,71.0357,27.8492,25.05,96,100,22.03,light snow
359,Ascension,US,30.2169,-90.9001,69.8,68,90,10.36,overcast clouds
360,Abu Dhabi,AE,24.4667,54.3667,66.2,77,0,12.88,clear sky
361,Kurtalan,TR,37.9272,41.7028,41.0,81,90,8.05,light rain
362,Carutapera,BR,-1.195,-46.02,78.57,83,99,6.85,overcast clouds
363,Tawang,IN,27.5833,91.8667,25.86,74,0,3.78,clear sky
364,Bandar-E Lengeh,IR,26.5579,54.8807,65.39,74,0,6.6,clear sky
365,Port Lincoln,AU,-34.7333,135.8667,65.28,67,43,13.78,scattered clouds
366,Vao,NC,-22.6667,167.4833,75.56,80,64,22.75,broken clouds
367,El Tocuyo,VE,9.7873,-69.7937,71.49,65,16,5.01,few clouds
368,Avera,US,33.194,-82.5271,48.2,46,1,8.05,clear sky
369,Aswan,EG,24.0934,32.907,53.96,40,0,8.7,clear sky
370,Praia,CV,14.9215,-23.5087,71.6,64,0,17.27,clear sky
371,Muriti,TZ,-1.9833,32.9167,74.57,73,52,10.49,light rain
372,Gazojak,TM,41.1875,61.4036,42.87,57,72,8.3,broken clouds
373,Makakilo City,US,21.3469,-158.0858,80.6,54,75,6.91,light rain
374,Mandalgovi,MN,45.7625,106.2708,8.55,91,58,13.6,broken clouds
375,Zamosc,PL,50.7231,23.252,26.6,93,90,12.66,overcast clouds
376,Padang,ID,-0.9492,100.3543,76.44,77,100,4.5,overcast clouds
377,Pevek,RU,69.7008,170.3133,-32.89,84,3,3.49,clear sky
378,Strezhevoy,RU,60.7333,77.5889,-20.2,69,40,17.9,snow
379,Yerbogachen,RU,61.2767,108.0108,-36.54,82,99,5.59,overcast clouds
380,Ahuimanu,US,21.4447,-157.8378,80.6,65,75,13.8,broken clouds
381,Benjamin Aceval,PY,-24.9667,-57.5667,86.0,74,75,3.44,broken clouds
382,Bafoulabe,ML,13.8065,-10.8321,77.47,15,48,5.93,scattered clouds
383,Saldanha,ZA,-33.0117,17.9442,63.95,92,0,3.0,clear sky
384,Afua,BR,-0.1567,-50.3867,76.55,93,100,5.55,overcast clouds
385,Recco,IT,44.3623,9.1435,48.99,80,100,10.98,light rain
386,Cuamba,MZ,-14.8031,36.5372,69.46,94,100,2.15,overcast clouds
387,Satka,RU,55.0425,59.04,17.24,95,83,4.45,broken clouds
388,Gogrial,SS,8.5332,28.1004,70.3,22,13,6.29,few clouds
389,Warwick,US,41.7001,-71.4162,21.2,38,1,6.91,clear sky
390,Baghdad,IQ,33.3406,44.4009,44.6,76,0,8.05,clear sky
391,Karratha,AU,-20.7377,116.8463,87.89,49,100,4.07,overcast clouds
392,Chipiona,ES,36.7366,-6.437,57.2,77,20,10.36,few clouds
393,Hasaki,JP,35.7333,140.8333,41.0,45,20,6.91,few clouds
394,Constitucion,CL,-35.3333,-72.4167,61.29,93,40,7.29,scattered clouds
395,Talnakh,RU,69.4865,88.3972,-31.16,71,0,6.6,clear sky
396,Kropotkin,RU,45.4375,40.5756,36.05,87,56,9.6,broken clouds
397,Dukat,RU,62.55,155.55,-34.22,82,100,8.16,overcast clouds
398,King City,US,36.2127,-121.126,60.01,50,69,3.0,broken clouds
399,Paciran,ID,-6.8767,112.3761,79.25,84,85,7.43,overcast clouds
400,Novoorsk,RU,51.381,58.9813,10.4,79,75,6.71,broken clouds
401,Galesong,ID,-5.3166,119.3661,75.2,100,40,2.3,scattered clouds
402,Hualmay,PE,-11.0964,-77.6139,72.46,71,94,9.22,overcast clouds
403,Balkanabat,TM,39.5108,54.3671,48.02,67,96,3.76,overcast clouds
404,Gornopravdinsk,RU,60.05,69.9,5.16,93,100,9.8,overcast clouds
405,Khandyga,RU,62.6667,135.6,-51.45,76,82,0.96,broken clouds
406,Staryy Merchyk,UA,49.9815,35.759,39.2,93,90,13.42,moderate rain
407,Cabo San Lucas,MX,22.8909,-109.9124,73.99,77,40,4.61,scattered clouds
408,Korla,CN,41.7597,86.1469,19.22,84,0,4.61,clear sky
409,Glencoe,ZA,-28.1783,30.147,64.71,88,92,2.1,overcast clouds
410,Robertsport,LR,6.7533,-11.3686,80.19,85,53,9.66,broken clouds
411,Sfantu Gheorghe,RO,45.8667,25.7833,37.0,88,93,1.01,overcast clouds
412,Mujiayingzi,CN,42.1167,118.7833,13.8,90,57,6.51,broken clouds
413,Bitung,ID,1.4451,125.1824,78.8,89,40,2.3,scattered clouds
414,Suntar,RU,62.1444,117.6319,-35.09,82,100,1.95,overcast clouds
415,Hervey Bay,AU,-25.2986,152.8535,84.2,54,40,13.8,scattered clouds
416,Winslow,US,35.0242,-110.6974,48.2,34,1,6.91,clear sky
417,Barra Patuca,HN,15.8,-84.2833,75.4,86,39,9.4,scattered clouds
418,Ca Mau,VN,9.1769,105.15,73.76,80,90,5.46,overcast clouds
419,Quelimane,MZ,-17.8786,36.8883,80.6,89,75,2.3,broken clouds
420,Leningradskiy,RU,69.3833,178.4167,-27.74,81,4,2.33,clear sky
421,Sisimiut,GL,66.9395,-53.6735,6.93,91,74,7.61,broken clouds
422,Ankola,IN,14.6667,74.3,71.92,57,20,4.03,few clouds
423,Issenye,TZ,-2.0,34.3333,64.74,87,87,3.58,overcast clouds
424,Letlhakane,BW,-21.4167,25.5833,74.25,65,64,9.78,broken clouds
425,Mangai,CD,-4.05,19.5333,71.33,98,100,2.39,heavy intensity rain
426,Talakan,RU,50.3167,130.3667,-25.85,83,7,0.94,clear sky
427,Gravdal,NO,68.1214,13.5031,26.1,88,1,4.94,clear sky
428,Mamallapuram,IN,12.6264,80.1722,71.6,94,20,7.52,mist
429,Kaffrine,SN,14.1059,-15.5508,78.8,15,0,4.61,clear sky
430,Saint-Joseph,RE,-21.3667,55.6167,78.8,65,0,6.91,clear sky
431,Naze,JP,28.3667,129.4833,60.8,55,40,9.22,scattered clouds
432,Togitsu,JP,32.8333,129.85,42.8,87,0,5.75,clear sky
433,Quang Ngai,VN,15.1167,108.8,68.59,88,92,1.81,overcast clouds
434,Shimoda,JP,34.6667,138.95,50.0,62,20,5.75,few clouds
435,Aykhal,RU,66.0,111.5,-32.6,80,84,13.6,broken clouds
436,Salina,US,38.8403,-97.6114,36.0,93,90,25.32,mist
437,Tambura,SS,5.6,27.4667,68.4,25,17,2.82,few clouds
438,Bathsheba,BB,13.2167,-59.5167,78.8,73,40,17.27,scattered clouds
439,Cochrane,CA,51.1834,-114.4687,30.2,47,1,16.11,clear sky
440,Lashio,MM,22.9333,97.75,47.34,82,0,1.77,clear sky
441,Lerwick,GB,60.1545,-1.1494,35.6,87,75,4.61,broken clouds
442,Santa Cruz,BO,-17.8,-63.1667,76.86,79,68,15.46,broken clouds
443,Puerto Quijarro,BO,-17.7833,-57.7667,78.93,64,92,3.2,overcast clouds
444,Punta Alta,AR,-38.8759,-62.0736,62.73,56,48,17.09,scattered clouds
445,Glossa,GR,35.4717,23.7763,57.0,82,20,8.05,few clouds
446,Boulsa,BF,12.6675,-0.5758,71.8,20,21,9.93,few clouds
447,Ossora,RU,59.2353,163.0719,-0.09,90,99,26.33,light snow
448,Byron Bay,AU,-28.65,153.6167,80.6,69,75,10.36,broken clouds
449,Taltal,CL,-25.4,-70.4833,66.6,75,22,5.08,few clouds
450,Pinega,RU,64.7001,43.3936,13.01,97,94,5.23,overcast clouds
451,Rudnyy,KZ,52.9594,63.1206,1.4,85,75,2.24,mist
452,Nyurba,RU,63.2842,118.3319,-37.68,81,100,2.55,overcast clouds
453,Tanete,ID,-3.9443,119.7848,81.45,72,100,3.53,overcast clouds
454,Kyabe,TD,9.4515,18.9449,75.02,20,23,5.82,few clouds
455,Natal,BR,-5.795,-35.2094,78.8,83,20,6.91,few clouds
456,Puerto Asis,CO,0.5133,-76.5007,77.47,67,16,2.44,few clouds
457,Vostok,RU,46.4856,135.8833,-17.82,87,60,4.18,broken clouds
458,Lodja,CD,-3.4833,23.4333,68.34,98,100,1.79,moderate rain
459,Kaeo,NZ,-35.1,173.7833,73.0,56,0,8.01,clear sky
460,Wollongong,AU,-34.4333,150.8833,73.0,86,83,4.0,broken clouds
461,Manzhouli,CN,49.6,117.4333,-17.45,87,100,4.5,overcast clouds
462,Olafsvik,IS,64.8945,-23.7142,23.11,90,8,16.82,clear sky
463,Melnikovo,RU,56.5558,84.085,-22.0,72,67,4.83,broken clouds
464,Dabat,ET,12.9842,37.765,48.65,70,0,2.95,clear sky
465,Zhaotong,CN,27.3167,103.7167,36.7,85,100,4.14,overcast clouds
466,Paralimni,CY,35.0375,33.9833,59.0,77,40,10.36,scattered clouds
467,Piran,SI,45.5278,13.5706,50.0,93,75,2.3,heavy intensity rain
468,Churapcha,RU,62.0025,132.4325,-40.7,80,100,2.62,overcast clouds
469,Alihe,CN,50.5667,123.7167,-18.6,85,99,0.45,overcast clouds
470,Kokopo,PG,-4.352,152.2633,82.02,75,100,12.68,overcast clouds
471,Qena,EG,26.1615,32.7183,50.0,62,0,4.18,clear sky
472,Sambava,MG,-14.2667,50.1667,75.9,88,2,5.7,clear sky
473,Bambanglipuro,ID,-7.95,110.2833,77.63,82,99,3.44,overcast clouds
474,Karaton,ID,-6.3424,106.1045,79.0,94,75,4.61,mist
475,Porto Belo,BR,-27.1578,-48.5531,80.01,89,0,4.61,clear sky
476,Aksha,RU,50.2814,113.2867,-8.99,89,100,3.2,overcast clouds
477,Pierreville,CA,46.0703,-72.8112,10.4,67,89,11.5,overcast clouds
478,Ola,RU,59.5833,151.2833,-14.48,81,75,16.11,broken clouds
479,Villazon,BO,-22.0866,-65.5942,59.77,44,16,12.08,few clouds
480,Saint Anthony,US,45.0205,-93.218,32.0,74,90,9.22,light snow
481,Sao Felix Do Xingu,BR,-6.6447,-51.995,72.86,94,100,1.57,overcast clouds
482,Saurimo,AO,-9.6608,20.3916,66.04,95,100,3.27,overcast clouds
483,Sainte-Marie,RE,-20.8968,55.5496,78.8,73,40,12.66,scattered clouds
484,Gwadar,PK,25.1216,62.3254,65.8,71,0,6.24,clear sky
485,Marshfield,US,44.6689,-90.1718,30.2,64,90,18.41,light snow
486,Krasnorechenskiy,RU,44.6265,135.3532,-11.79,84,45,8.7,scattered clouds
487,Husavik,IS,66.0449,-17.3389,14.0,85,90,4.61,overcast clouds
488,Wukari,NG,7.85,9.7833,74.37,20,0,3.8,clear sky
489,Kadoma,JP,34.7333,135.5833,44.6,75,20,2.3,few clouds
490,Macapa,BR,0.0389,-51.0664,80.6,94,20,5.75,few clouds
491,Lebu,CL,-37.6167,-73.65,57.72,82,1,12.39,clear sky
492,Itoigawa,JP,37.0333,137.85,34.0,100,97,1.01,snow
493,Minas,UY,-34.3759,-55.2377,68.0,73,75,16.11,broken clouds
494,Nelson,NZ,-41.2833,173.2833,75.99,44,0,1.01,clear sky
495,Charters Towers,AU,-20.1,146.2667,82.11,60,75,10.92,broken clouds
496,Aranda De Duero,ES,41.6704,-3.6892,41.86,79,100,20.85,overcast clouds
497,Katsuura,JP,35.1333,140.3,50.0,39,20,5.75,few clouds
498,Dwarka,IN,22.2394,68.9678,64.94,47,0,10.65,clear sky
499,Shama,CN,33.6102,104.2852,22.95,84,100,2.28,overcast clouds
500,Leh,IN,34.1667,77.5833,1.0,57,6,1.32,clear sky
501,Neftcala,AZ,39.3742,49.2472,44.87,89,95,6.55,overcast clouds
502,Lompoc,US,34.6391,-120.4579,55.99,67,1,12.66,clear sky
503,Taber,CA,49.8167,-112.1518,35.6,68,61,3.44,broken clouds
504,Moron,AR,-34.6534,-58.6198,64.0,91,100,5.99,overcast clouds
505,Manokwari,ID,-0.8667,134.0833,79.43,81,100,13.67,overcast clouds
506,Tayu,ID,-6.5397,111.0518,79.14,85,93,11.23,overcast clouds
507,Inhuma,BR,-6.6683,-41.7078,71.2,89,100,5.32,overcast clouds
508,Skvyra,UA,49.7318,29.6657,30.6,96,99,18.21,overcast clouds
509,Shubarshi,KZ,48.5872,57.1869,14.99,93,40,8.16,scattered clouds
510,Daye,CN,30.0833,114.95,48.27,60,92,2.44,light rain
511,Macheng,CN,31.1783,115.0319,46.99,69,79,1.41,broken clouds
512,Flin Flon,CA,54.7682,-101.865,15.8,86,90,3.44,light snow
513,Hadrut,AZ,39.52,47.0318,37.11,72,0,4.81,clear sky
514,Selikhino,RU,50.3672,137.4996,-15.39,87,100,11.72,overcast clouds
515,Sompeta,IN,18.9333,84.6,69.91,78,19,3.76,few clouds
516,Awjilah,LY,29.1081,21.2869,59.61,42,0,11.18,clear sky
517,Bhadrachalam,IN,17.6667,80.8833,65.93,92,82,1.59,broken clouds
518,Bhaderwah,IN,32.9784,75.7186,36.79,67,0,2.08,clear sky
519,Sterling,US,39.0062,-77.4286,30.2,54,1,4.61,clear sky
520,Necochea,AR,-38.5473,-58.7368,59.0,64,100,13.18,overcast clouds
521,Solnechnyy,RU,50.7214,136.6319,-13.23,86,30,3.96,scattered clouds
522,Coahuayana,MX,18.7333,-103.6833,80.6,61,1,6.91,clear sky
523,Bandarbeyla,SO,9.4942,50.8122,73.63,73,37,15.26,scattered clouds
524,Puerto Del Rosario,ES,28.5004,-13.8627,64.4,72,90,19.57,overcast clouds
525,Saku,JP,36.2167,138.4833,30.99,67,43,1.99,scattered clouds
526,Sao Joao Evangelista,BR,-18.5478,-42.7633,66.45,77,4,3.69,clear sky
527,Toowoomba,AU,-27.55,151.9667,80.6,57,90,11.5,overcast clouds
528,Puerto Baquerizo Moreno,EC,-0.9,-89.6,77.97,81,49,9.64,scattered clouds
529,Buala,SB,-8.145,159.5921,85.15,73,99,16.67,overcast clouds
530,Burhaniye,TR,39.5004,26.9727,42.8,87,0,6.91,clear sky
531,Outjo,NA,-20.1167,16.15,67.8,67,97,11.43,overcast clouds
532,Aloleng,PH,16.1307,119.7824,73.69,63,100,14.5,overcast clouds
533,Mali,GN,12.079,-12.2982,80.6,24,0,2.3,clear sky
534,Celestun,MX,20.8667,-90.4,74.14,68,72,10.2,broken clouds
535,Galena Park,US,29.7336,-95.2302,71.6,78,90,16.11,overcast clouds
536,Stokmarknes,NO,68.5646,14.9108,15.8,62,0,4.61,clear sky
537,Sangar,RU,63.9242,127.4739,-49.11,76,87,3.65,overcast clouds
538,Broken Hill,AU,-31.95,141.4333,77.0,38,67,13.8,broken clouds
539,Salmas,IR,38.1973,44.7653,24.87,81,54,4.03,broken clouds
540,Pitimbu,BR,-7.4706,-34.8086,78.8,83,0,5.75,clear sky
541,Olinda,BR,-8.0089,-34.8553,78.8,69,40,9.22,scattered clouds
542,Camacha,PT,33.0833,-16.3333,59.0,88,20,3.44,few clouds
543,Te Anau,NZ,-45.4167,167.7167,63.21,54,83,5.3,broken clouds
544,Norman Wells,CA,65.282,-126.8329,-27.4,68,40,3.44,scattered clouds
545,Pertuis,FR,43.6925,5.5028,45.0,100,100,3.44,fog
546,Trincomalee,LK,8.5711,81.2335,78.93,84,53,13.78,broken clouds
547,Kailua,US,21.4022,-157.7394,80.6,65,75,13.8,broken clouds
548,Bardiyah,LY,31.7561,25.0865,59.76,67,0,14.12,clear sky
549,Lavrentiya,RU,65.5833,-171.0,-16.24,84,0,7.0,clear sky
550,Oriximina,BR,-1.7656,-55.8661,80.22,72,53,3.4,broken clouds
551,Japura,ID,-0.3167,102.35,72.1,96,73,2.06,broken clouds
552,Staryy Nadym,RU,65.6118,72.6842,-18.62,85,100,21.03,overcast clouds
553,Fort Nelson,CA,58.8053,-122.7002,-5.8,65,75,1.72,broken clouds
554,Lima,PE,-12.0432,-77.0282,77.0,73,0,13.8,clear sky
555,Manaquiri,BR,-3.3167,-60.35,77.0,94,75,3.44,broken clouds
556,Formosa,AR,-26.1775,-58.1781,75.2,88,0,10.36,clear sky
557,Westport,US,41.1415,-73.3579,28.0,39,1,4.61,clear sky
558,Khudumelapye,BW,-23.8833,24.75,72.23,77,95,5.55,overcast clouds
559,Thunder Bay,CA,48.4001,-89.3168,28.4,80,90,13.8,overcast clouds
560,Mongo,TD,12.1844,18.693,70.27,23,0,6.42,clear sky
561,Candating,PH,15.1481,120.822,69.8,68,75,4.61,broken clouds
562,Clermont,FR,49.5,2.4167,41.0,100,90,10.36,overcast clouds
563,Nishihara,JP,26.1842,127.7558,62.6,51,20,5.75,few clouds
564,Iwanai,JP,42.9744,140.5089,21.72,94,98,19.3,light snow
565,Zholymbet,KZ,51.7433,71.7122,16.52,86,100,6.4,overcast clouds
566,Buraydah,SA,26.326,43.975,50.0,66,0,5.75,clear sky
567,Santa Vitoria Do Palmar,BR,-33.5189,-53.3681,74.16,80,46,13.87,light rain
568,Buncrana,IE,55.1333,-7.45,34.9,84,100,12.26,overcast clouds
569,Sidhi,IN,24.4167,81.8833,46.06,53,0,2.64,clear sky
570,Udachnyy,RU,66.4167,112.4,-31.18,80,99,9.53,overcast clouds
571,Zhezkazgan,KZ,47.8043,67.7144,18.7,95,100,9.84,overcast clouds
572,Sorgun,TR,39.8101,35.186,33.55,95,100,5.66,light snow
573,Weyburn,CA,49.6668,-103.8511,12.2,85,46,6.91,scattered clouds
574,Porbandar,IN,21.6422,69.6093,61.65,36,0,9.04,clear sky
575,Amnat Charoen,TH,15.9167,104.75,64.83,87,20,10.94,few clouds
576,Bat Khela,PK,34.6167,71.9714,45.18,46,11,5.12,few clouds
577,Evensk,RU,61.95,159.2333,-0.71,83,99,21.43,overcast clouds
578,Marzuq,YE,14.4,46.4667,58.6,57,0,0.92,clear sky
579,Ushirombo,TZ,-3.4919,31.9639,63.55,90,37,1.01,scattered clouds
580,Kudahuvadhoo,MV,2.6708,72.8944,81.07,77,45,13.73,scattered clouds
581,Arman,RU,59.7,150.1667,-14.39,78,35,17.63,scattered clouds
582,Ponta Delgada,PT,37.7333,-25.6667,62.6,94,75,16.11,broken clouds
583,Fethiye,TR,36.6217,29.1164,44.6,100,0,8.05,clear sky
584,Port Victoria,KE,0.0939,33.9756,70.5,77,68,4.99,light rain
585,Lac Du Bonnet,CA,50.2536,-96.0612,25.0,100,100,2.71,overcast clouds
586,Moroni,KM,-11.7022,43.2551,80.2,74,100,7.4,overcast clouds
587,Beroroha,MG,-21.6667,45.1667,75.31,88,51,1.36,light rain
588,Portland,US,45.5234,-122.6762,48.99,81,90,13.8,overcast clouds
589,Klaksvik,FO,62.2266,-6.589,32.0,74,75,23.02,broken clouds
590,Mpika,ZM,-11.8343,31.4529,61.25,90,100,0.38,light rain
591,Mizdah,LY,31.4451,12.9801,55.71,38,0,9.17,clear sky
592,Mount Isa,AU,-20.7333,139.5,95.0,28,80,5.75,broken clouds
593,Sharlyk,RU,52.9167,54.75,16.52,96,79,5.48,broken clouds
594,Sorrento,IT,40.626,14.3744,55.99,88,90,3.44,overcast clouds
595,Sioux Lookout,CA,50.1001,-91.917,23.0,86,90,5.75,light snow
596,Atherton,GB,53.5237,-2.4935,36.0,70,60,4.0,broken clouds
597,Cugir,RO,45.8333,23.3667,28.4,93,0,2.3,clear sky
598,Poum,NC,-20.2333,164.0167,80.1,65,52,9.48,broken clouds
599,Hvolsvollur,IS,63.7533,-20.2243,17.01,70,55,8.99,broken clouds
600,Worland,US,44.0169,-107.9554,41.0,60,90,4.61,overcast clouds
601,Olga,RU,43.7444,135.2892,-1.25,80,0,10.22,clear sky
602,Changli,CN,39.7042,119.1506,24.04,94,98,6.96,overcast clouds
603,Oyama,JP,36.3,139.8,41.0,45,20,4.61,few clouds
604,Santa Isabel,BR,-23.3156,-46.2214,82.4,65,0,4.61,clear sky
605,Kirovskiy,RU,45.0917,133.5136,-13.23,89,92,3.33,overcast clouds
606,Bousso,TD,10.4795,16.7117,74.53,20,0,8.46,clear sky
607,Iskateley,RU,67.6803,53.1512,1.83,93,98,11.21,overcast clouds
608,Stornoway,GB,58.2093,-6.3865,39.2,60,90,10.36,overcast clouds
609,Zapolyarnyy,RU,69.4154,30.8136,24.8,86,90,12.66,light snow
610,Maxixe,MZ,-23.8597,35.3472,77.31,84,7,5.61,clear sky
611,Chinsali,ZM,-10.5414,32.0816,63.21,96,98,1.12,overcast clouds
612,Rapid City,US,44.0805,-103.231,35.01,86,90,16.11,overcast clouds
613,Hammerfest,NO,70.6634,23.6821,26.6,74,40,11.5,scattered clouds
614,Hofn,IS,64.2539,-15.2082,20.17,85,72,19.66,broken clouds
615,Sao Jose Da Coroa Grande,BR,-8.8978,-35.1478,78.42,81,70,9.1,broken clouds
616,Mishan,CN,45.55,131.8833,-14.13,83,0,3.24,clear sky
617,Ishigaki,JP,24.3448,124.1572,69.8,52,75,12.66,broken clouds
618,Beloha,MG,-25.1667,45.05,74.95,80,2,3.62,clear sky
619,Gurupa,BR,-1.405,-51.64,74.59,97,51,2.95,broken clouds
620,Parabel,RU,58.6978,81.4825,-24.88,84,97,9.06,overcast clouds
621,Amuntai,ID,-2.4177,115.2494,77.07,87,100,0.34,overcast clouds
622,Carira,BR,-10.3608,-37.7011,73.85,84,100,9.64,overcast clouds
623,Chickasha,US,35.0526,-97.9364,57.2,44,1,18.41,clear sky
624,Mandan,US,46.8267,-100.8896,26.6,100,90,6.91,mist
625,Walvis Bay,NA,-22.9575,14.5053,66.99,88,1,3.44,clear sky
626,Umm Kaddadah,SD,13.6017,26.6876,62.17,28,0,13.67,clear sky
627,Borogontsy,RU,62.6683,131.1683,-43.6,79,100,3.15,overcast clouds
628,Sakakah,SA,29.9697,40.2064,41.0,56,0,6.91,clear sky
629,Kasempa,ZM,-13.4584,25.8338,64.85,91,99,2.26,light rain
630,Souillac,MU,-20.5167,57.5167,78.8,83,40,8.05,scattered clouds
631,Puerto Escondido,MX,15.85,-97.0667,82.4,74,40,8.05,scattered clouds
632,Dourbali,TD,11.8091,15.8632,72.05,21,3,10.89,clear sky
633,Jinxiang,CN,27.4327,120.6062,54.66,73,79,4.92,broken clouds
634,Champerico,GT,14.3,-91.9167,84.2,65,40,9.22,scattered clouds
635,Baoying,CN,33.2292,119.3092,44.31,66,100,4.79,overcast clouds
636,Ust-Ishim,RU,57.6935,71.1665,9.01,94,100,11.03,overcast clouds
637,Ouro Preto Do Oeste,BR,-10.7481,-62.2158,75.69,89,40,1.57,scattered clouds
638,The Pas,CA,53.8251,-101.2541,15.8,86,90,2.3,light snow
639,Berlin,DE,52.5244,13.4105,30.0,100,20,3.44,fog
640,Faya,SA,18.3851,42.4509,55.4,62,0,5.75,clear sky
641,Prescott,US,34.54,-112.4685,41.0,65,1,2.93,clear sky
642,Aguacatan,GT,15.3431,-91.3117,68.0,52,20,9.22,few clouds
643,Omsukchan,RU,62.5333,155.8,-30.35,80,100,11.21,overcast clouds
644,Man,CI,7.4125,-7.5538,75.85,49,62,2.15,broken clouds
645,Tezu,IN,27.9167,96.1667,54.21,42,19,3.76,few clouds
646,Bud,US,39.447,-86.1758,30.99,96,100,15.95,snow
647,Nouadhibou,MR,20.931,-17.0347,68.0,64,0,18.41,clear sky
648,Atar,MR,20.5169,-13.0499,66.7,22,50,7.0,scattered clouds
649,Verkhozim,RU,52.7122,45.418,30.99,99,100,14.23,light rain
650,La Asuncion,VE,11.0333,-63.8628,76.98,84,35,13.73,scattered clouds
651,Sovetskiy,RU,61.3614,63.5842,-3.33,92,100,3.11,light snow
652,Eyrarbakki,IS,63.863,-21.1481,19.4,63,0,11.5,clear sky
653,Chardara,KZ,41.2547,67.9692,47.43,50,100,10.11,overcast clouds
654,Zhaodong,CN,46.0833,125.9833,-11.2,77,57,4.47,mist
655,Corinto,GR,37.9407,22.9573,46.99,58,11,1.01,few clouds
656,Lida,BY,53.8833,25.2997,17.38,97,100,8.5,overcast clouds
657,Luanda,AO,-8.8368,13.2343,78.8,83,75,4.61,broken clouds
658,Camana,PE,-16.6228,-72.7111,69.67,76,59,4.27,broken clouds
659,Zlobin,HR,45.2924,14.6541,48.99,87,75,5.75,moderate rain
660,Urucara,BR,-2.5364,-57.76,75.13,92,13,0.16,few clouds
661,Ipixuna,BR,-1.7625,-48.8043,80.6,78,40,5.75,scattered clouds
662,Manuk Mangkaw,PH,4.8,119.85,80.85,78,100,13.51,light rain
663,Shetpe,KZ,44.1667,52.1167,31.91,96,79,4.76,broken clouds
664,Autazes,BR,-3.5797,-59.1306,77.11,83,8,2.42,clear sky
665,Hoquiam,US,46.9809,-123.8893,46.99,76,75,12.66,broken clouds
666,Pangai,TO,-19.8,-174.35,84.2,84,75,6.91,light rain
667,Vydrino,RU,51.485,104.8461,-10.43,86,100,12.48,overcast clouds
668,Bay Roberts,CA,47.5999,-53.2648,28.99,90,100,8.66,overcast clouds
669,Mangalia,RO,43.8,28.5833,36.0,100,23,9.22,mist
670,Namibe,AO,-15.1961,12.1522,73.09,76,71,7.36,broken clouds
671,Verin,ES,41.9415,-7.4381,44.01,85,93,3.0,overcast clouds
672,Lakeway,US,30.3638,-97.9796,71.01,28,1,3.44,clear sky
673,Bourail,NC,-21.5667,165.4833,82.24,53,54,4.83,broken clouds
674,Venice,US,27.0998,-82.4543,64.4,72,1,3.67,clear sky
675,Amasia,TR,40.6533,35.8331,39.2,93,75,2.3,light rain
676,Jardim,BR,-21.4803,-56.1381,77.18,83,53,5.95,broken clouds
677,Amasya,TR,40.6667,35.8333,39.2,93,75,2.3,light rain
678,Qui Nhon,VN,13.7667,109.2333,70.79,86,96,7.54,overcast clouds
679,Arrifes,PT,37.7667,-25.7,62.6,94,75,16.11,broken clouds
680,Lokomotivnyy,RU,53.0118,60.5684,15.17,98,73,4.41,broken clouds
681,Tuy Hoa,VN,13.0833,109.3,69.89,89,98,5.32,overcast clouds
682,Mayo,US,38.8876,-76.5119,30.0,59,1,4.34,clear sky
683,Kieta,PG,-6.2167,155.6333,83.68,72,84,15.95,broken clouds
684,Takoradi,GH,4.8845,-1.7554,79.27,88,100,6.82,overcast clouds
685,Huilong,CN,31.8111,121.655,53.01,73,97,4.0,overcast clouds
686,Nemuro,JP,43.3236,145.575,15.8,67,20,3.44,few clouds
687,San Ramon,US,37.7799,-121.978,60.01,58,90,8.05,overcast clouds
688,Lumby,CA,50.2498,-118.969,34.0,86,100,4.61,overcast clouds
689,Contamana,PE,-7.3333,-75.0167,77.7,77,64,2.68,broken clouds
690,Rolla,US,37.9514,-91.7713,46.0,93,90,11.5,moderate rain
691,Deputatskiy,RU,69.3,139.9,-26.54,88,83,1.45,broken clouds
692,Maceio,BR,-9.6658,-35.7353,75.2,94,40,3.44,scattered clouds
693,Kloulklubed,PW,7.0419,134.2556,82.4,74,90,10.36,overcast clouds
694,Cortez,US,37.3489,-108.5859,39.2,48,1,9.22,clear sky
695,Nikolsk,RU,53.7189,46.0712,27.14,98,98,10.42,overcast clouds
696,Bacolod,PH,10.6667,122.95,78.04,77,81,17.13,broken clouds
697,Verkhnyaya Inta,RU,65.9811,60.3094,-4.7,86,100,11.16,overcast clouds
698,Ariquemes,BR,-9.9133,-63.0408,75.72,92,65,1.21,broken clouds
699,Arenapolis,BR,-14.4503,-56.8461,76.59,81,79,3.22,broken clouds
700,Ouro Fino,BR,-22.2831,-46.3692,68.11,85,66,2.86,broken clouds
701,Dubbo,AU,-32.25,148.6167,87.8,40,34,8.05,scattered clouds
702,Birakan,RU,49.0167,131.7,-22.85,82,1,3.71,clear sky
703,Sinnamary,GF,5.3833,-52.95,78.12,86,100,15.32,overcast clouds
704,Inta,RU,66.0317,60.1659,-5.55,86,100,10.63,overcast clouds
705,Shizunai,JP,42.3339,142.3669,25.59,88,93,23.35,overcast clouds
706,Brisbane,AU,-27.4679,153.0281,84.0,65,40,10.36,light rain
707,Seybaplaya,MX,19.65,-90.6667,78.8,53,40,9.22,scattered clouds
708,Rio Cuarto,AR,-33.1307,-64.3499,60.01,94,90,2.3,drizzle
709,Ilinskiy,RU,55.619,38.1182,26.01,93,75,6.71,snow
710,Horqueta,PY,-23.3428,-57.0597,81.66,74,49,9.17,scattered clouds
711,Malanje,AO,-9.5402,16.341,63.91,96,100,4.27,light rain
712,Karpathos,GR,35.507,27.2132,60.8,82,1,17.27,clear sky
713,Nicoya,CR,10.1483,-85.452,80.6,54,0,18.41,clear sky
714,Chapais,CA,49.7834,-74.8492,-4.0,77,90,6.91,overcast clouds
715,Bereda,ES,43.2686,-7.5406,48.99,92,100,11.01,overcast clouds
716,Carson City,US,39.1638,-119.7674,37.0,55,1,2.15,clear sky
